App,Sentiment,Sentiment_Polarity,Sentiment_Subjectivity
10 Best Foods for You,Positive,0.4707328206587227,0.49545471424337406
104 ÊâæÂ∑•‰Ωú - ÊâæÂ∑•‰Ωú ÊâæÊâìÂ∑• ÊâæÂÖºËÅ∑ Â±•Ê≠∑ÂÅ•Ê™¢ Â±•Ê≠∑Ë®∫ÁôÇÂÆ§,Positive,0.3924045634920635,0.5455162698412699
11st,Positive,0.18594278406778406,0.45534044659044665
1800 Contacts - Lens Store,Positive,0.3181447736291486,0.5910984848484848
1LINE ‚Äì One Line with One Touch,Positive,0.19629029961266803,0.5573153053087264
2018Emoji Keyboard üòÇ Emoticons Lite -sticker&gif,Positive,0.4495659722222222,0.5205729166666667
21-Day Meditation Experience,Positive,0.25801367845117845,0.5510479902042402
"2Date Dating App, Love and matching",Positive,0.2802671702652353,0.5583907406662825
2GIS: directory & navigator,Positive,0.22312904265873015,0.3966579365079365
2RedBeans,Positive,0.4121991790261021,0.5978684477915248
2ndLine - Second Phone Number,Positive,0.16896820887445888,0.3770225018037518
30 Day Fitness Challenge - Workout at Home,Positive,0.33353687339286414,0.5585879078678617
365Scores - Live Scores,Positive,0.4383116883116883,0.6396103896103896
3D Live Neon Weed Launcher,Positive,0.5681818181818181,0.4
4 in a Row,Positive,0.28114351851851854,0.5781031746031746
4K Wallpapers and Ultra HD Backgrounds,Positive,0.17932800224466894,0.594328202661536
591ÊàøÂ±ã‰∫§Êòì-ÁßüÂ±ã„ÄÅ‰∏≠Âè§Â±ã„ÄÅÊñ∞Âª∫Ê°à„ÄÅÂØ¶ÂÉπÁôªÈåÑ„ÄÅÂà•Â¢ÖÈÄèÂ§©„ÄÅÂÖ¨ÂØìÂ•óÊàø„ÄÅÊç∑ÈÅã„ÄÅË≤∑ÊàøË≥£ÊàøË°åÊÉÖ„ÄÅÊàøÂÉπÊàøË≤∏Êü•Ë©¢,Neutral,0.08079241071428571,0.3217280801209373
591ÊàøÂ±ã‰∫§Êòì-È¶ôÊ∏Ø,Positive,0.22291666666666668,0.31342592592592594
7 Cups: Anxiety & Stress Chat,Positive,0.3246701388888889,0.5671585648148147
7 Day Food Journal Challenge,Positive,0.18941137566137567,0.6002028218694886
7 Minute Workout,Positive,0.41027777777777774,0.6212481962481963
7 Weeks - Habit & Goal Tracker,Positive,0.14282013621299336,0.49746949974628546
8 Ball Pool,Negative,0.0012520071606734009,0.4913517369146038
850 Sports News Digest,Positive,0.5428597480561766,0.6924202606002057
8fit Workouts & Meal Planner,Positive,0.2648642413061273,0.5346484758473062
95Live -SG#1 Live Streaming App,Positive,0.06900233100233101,0.4559274799274799
A Call From Santa Claus!,Positive,0.008293862999745357,0.6577408804430863
A Word A Day,Positive,0.2772727272727273,0.6690340909090909
A&E - Watch Full Episodes of TV Shows,Positive,0.35388257575757576,0.49546326754385966
A+ Gallery - Photos & Videos,Positive,0.2088149162103866,0.40287027819257787
A+ Mobile,Positive,0.3295922619047619,0.522708380574452
ABC Kids - Tracing & Phonics,Positive,0.36777017277017277,0.5095799695799695
ABC News - US & World News,Negative,-0.04236183905380334,0.4111693465264894
ABC Preschool Free,Positive,0.22080488040123458,0.4229706790123457
ABCmouse.com,Positive,0.18250385802469135,0.5238508597883598
AC - Tips & News for Android‚Ñ¢,Positive,0.09841655071119357,0.4841472548615406
ACE Elite,Positive,0.25217091550424886,0.44258938592271924
"AD - Nieuws, Sport, Regio & Entertainment",Positive,0.16182364314883113,0.46580603989438574
AMC Theatres,Positive,0.13569444444444442,0.5781944444444445
ANA,Negative,-0.026024764844209285,0.3005272633744856
"AOL - News, Mail & Video",Positive,0.09218199309108398,0.3985407465710496
AP Mobile - Breaking News,Positive,0.1951159148207759,0.47140920486406596
APE Weather ( Live Forecast),Positive,0.4323232323232323,0.5066498316498317
"APUS Launcher - Theme, Wallpaper, Hide Apps",Positive,0.44747311827956987,0.5185483870967742
ARY NEWS,Positive,0.23374426078971533,0.43835169880624425
ARY NEWS URDU,Positive,0.24342580213903742,0.5183455882352942
ASOS,Positive,0.31691663660413655,0.5864045214045215
ASUS Calling Screen,Neutral,0.06316393097643097,0.4153295604858105
ASUS Cover for ZenFone 2,Positive,0.07638888888888888,0.44305555555555554
ASUS Quick Memo,Neutral,0.02916666666666665,0.33333333333333337
ASUS Sound Recorder,Positive,0.5167708333333333,0.5952976190476191
ASUS SuperNote,Positive,0.19279142355229312,0.484638308551352
"AT&T Navigator: Maps, Traffic",Positive,0.07130096542927515,0.41218410352646806
AT&T Smart Wi-Fi,Positive,0.1895487012987013,0.4328650238650239
AT&T Visual Voicemail,Positive,0.029975541125541127,0.45259386724386724
"AVG Cleaner ‚Äì Speed, Battery & Memory Booster",Positive,0.2736637188208617,0.5824492063492064
Abs Training-Burn belly fat,Positive,0.21741882334004728,0.4469090862840863
Account Manager,Negative,-0.08763520281275963,0.4564656849884123
Accounting App - Zoho Books,Positive,0.44866448692152916,0.5223977196512407
AccuWeather: Daily Forecast & Live Weather Reports,Positive,0.20072330975773356,0.4937064606400544
Acorn TV: World-class TV from Britain and Beyond,Positive,0.0860583905828471,0.5070377689942908
Acorns - Invest Spare Change,Neutral,0.04666666666666667,0.20388888888888887
AdWords Express,Neutral,0.1948439393939394,0.2716686868686869
Ada - Your Health Guide,Positive,0.3032562929106828,0.5554172335600908
Add Text To Photo,Positive,0.22970324746060042,0.4007626922823001
Adobe Acrobat Reader,Positive,0.15506166298122315,0.48715842842000245
Adobe Photoshop Express:Photo Editor Collage Maker,Positive,0.18538849807599805,0.486466274135917
Advanced Task Killer,Positive,0.13885152116402114,0.43680291005291
Agar.io,Negative,-0.06060223338072603,0.45973048669739847
Age Calculator,Positive,0.1313830266955267,0.6030233698593074
Agoda ‚Äì Hotel Booking Deals,Positive,0.4795306122448979,0.6043673469387756
Air Traffic,Positive,0.29464074593335954,0.4859695165945166
AirAsia,Negative,-0.1036063011063011,0.43236171236171234
AirBrush: Easy Photo Editor,Positive,0.3520497384559884,0.4650115740740741
Airbnb,Positive,0.1080045398230162,0.49490795255052167
Airport + Flight Tracker Radar,Positive,0.08928481240981238,0.42453282828282823
Airway Ex - Intubate. Anesthetize. Train.,Positive,0.22094190098096347,0.49310152810152813
Akinator,Positive,-0.01489888966932038,0.4953002693665287
AlReader -any text book reader,Positive,0.2455511849261849,0.41257682132682133
Alarm Clock,Positive,0.17466728294853293,0.371872185813158
Alarm Clock Free,Positive,0.15576177498971616,0.35684034219748506
Alfred Home Security Camera,Positive,0.33757424242424244,0.4758727272727273
"AliExpress - Smarter Shopping, Better Living",Positive,0.038380545534712186,0.6177662898829566
All Email Providers,Positive,0.21500000000000002,0.6066666666666667
All Events in City,Positive,0.5028597402597402,0.5618210678210679
All Football - Latest News & Videos,Positive,0.43206329477813854,0.5105386453823954
"All Football GO- Live Score, Games",Positive,0.5265151515151515,0.5140277777777779
All Language Translator Free,Positive,0.3927835497835498,0.5550324675324675
All Maths Formulas,Positive,0.354636544011544,0.421768278018278
All Mental disorders,Positive,0.1986024636532449,0.4228739316239316
All Social Networks,Negative,-0.10641024212715389,0.5138202177724237
All Video Downloader 2018,Positive,0.3826797385620915,0.5417320261437909
"All-In-One Toolbox: Cleaner, Booster, App Manager",Positive,0.26733509335782063,0.5456981066071975
All-in-One Mahjong 3 FREE,Positive,0.5,0.6
Allegiant,Positive,0.2333333333333333,0.2333333333333333
Allrecipes Dinner Spinner,Positive,0.2729995443153338,0.5816768246373509
Alto's Adventure,Positive,0.03982694182829145,0.5261316988814583
Amazon Drive,Positive,0.1298491985987103,0.4733768187830688
"Amazon FreeTime ‚Äì Kids‚Äô Videos, Books, & TV shows",Positive,0.3425348246524717,0.5080825644943292
Amazon Kindle,Positive,0.06519186713433872,0.46011748819829623
Amazon Prime Video,Positive,0.46111111111111114,0.5555555555555556
Amazon Shopping,Positive,0.1820225865037373,0.4624378936759889
Amazon for Tablets,Positive,0.10113604797979796,0.37119065656565653
American Airlines,Positive,-0.07563614410998132,0.48372397843328074
Amex Mobile,Positive,0.17566632595799261,0.4177012452568008
Amino: Communities and Chats,Positive,0.04758960435151364,0.5375361254760332
Amtrak,Negative,-0.028284245516388376,0.369246213442642
Anatomy Learning - 3D Atlas,Positive,0.22653244999599165,0.48883272206188877
Ancestry,Positive,0.27263030438253655,0.5161272868415725
AndroZip‚Ñ¢ FREE File Manager,Positive,0.11732338494838494,0.39017196692196693
"Android Auto - Maps, Media, Messaging & Voice",Positive,0.28779230407542616,0.5447434959291718
Android Messages,Positive,0.071675937548939,0.5132160195532288
Anger of stick 5 : zombie,Positive,0.11944444444444441,0.5027777777777778
Angry Birds 2,Positive,0.002282199760648026,0.49623943585150476
Angry Birds Classic,Negative,-0.007537394764251821,0.5348862663965559
Angry Birds Rio,Negative,-0.038924252279907035,0.4715201068772497
Animal Planet GO,Positive,0.2735714285714286,0.45373677248677247
Animated Photo Editor,Positive,0.29185714285714287,0.5463650793650794
Anime Avatar Creator: Make Your Own Avatar,Positive,0.20215771508819977,0.5931982912212505
Anime Manga Coloring Book,Positive,0.3609907670454546,0.5071180555555556
Anthem Anywhere,Negative,-0.08797731435231436,0.3850360223821762
Anthem BC Anywhere,Negative,-0.12323348694316437,0.36789554531490015
"Any.do: To-do list, Calendar, Reminders & Planner",Positive,0.21603763727971087,0.4500429534831867
Apartment Decorating Ideas,Positive,0.245,0.2
"Apartment List: Housing, Apt, and Property Rentals",Positive,0.4664228723404255,0.5809655146534579
"Apartment, Home Rental Search: Realtor.com Rentals",Positive,-0.003732900432900429,0.48327186147186146
Apartments & Rentals - Zillow,Positive,0.29299168634395906,0.462912321264594
Apartments.com Rental Search,Positive,0.07240305487588096,0.4129084844302236
Apex Launcher,Positive,0.1061327486171236,0.4681670875420875
Apk Installer,Positive,0.19391694725028058,0.4882034632034632
App vault,Negative,-0.04353505760732322,0.4761634199134199
AppLock,Negative,0.016233349983349996,0.4999414474414474
AppLock - Fingerprint,Positive,0.20993951418951418,0.5643250329105592
Apple Daily ËòãÊûúÂãïÊñ∞ËÅû,Positive,0.08276605928566712,0.32993794150656897
Aprender ingl√©s con Wlingua,Positive,0.3996215213358071,0.5617165532879819
Archos File Manager,Positive,0.1152958152958153,0.4863489736070381
Arrow.io,Positive,0.08073817355889723,0.45664369256474513
Asana: organize team projects,Positive,0.2306454630830486,0.5227672402646754
Ascape VR: 360¬∞ Virtual Travel,Positive,0.1509645061728395,0.5006944444444444
Asphalt 8: Airborne,Positive,0.004450410725820944,0.5135438903805984
Associated Credit Union Mobile,Positive,0.3880928287981859,0.5595348639455783
Asteroids 3D live wallpaper,Positive,0.253524397462264,0.48231736087307936
Atlan3D Navigation: Korea navigator,Positive,0.2781841981321148,0.39801614858906526
AutoCAD - DWG Viewer & Editor,Positive,0.11960119548661215,0.48721443101651435
AutoScout24 Switzerland ‚Äì Find your new car,Positive,0.4169514157014157,0.5583655083655084
Avakin Life - 3D virtual world,Positive,0.08085916643028912,0.5053262068732377
Aviary Effects: Classic,Positive,0.10624119358661768,0.538079149507721
Aviary Stickers: Free Pack,Positive,0.0658285525785526,0.6725140465140466
Azar,Positive,0.06840380917580306,0.48170581984440686
Azpen eReader,Positive,0.24262422360248445,0.5973257418909593
B612 - Beauty & Filter Camera,Positive,0.08178212791982326,0.5275852272727273
BBC Media Player,Positive,-0.028519833754208763,0.43761078042328044
BBC News,Positive,0.0969990437252342,0.38892420043213694
BBC Sport,Positive,0.16657655269900168,0.4234672895132079
BBM - Free Calls & Messages,Positive,0.1544232523738662,0.46189045214045216
BBVA Compass Banking,Positive,0.2055902244649166,0.4824433106575964
BBVA Spain,Positive,0.515085705540251,0.5946316246884429
BBW Dating & Curvy Singles Chat- LargeFriends,Positive,0.18276632996632997,0.45742092352092356
BBW Dating & Plus Size Chat,Positive,0.13124668499668501,0.49101675539175543
BBWCupid - BBW Dating App,Positive,0.12691173304809666,0.47169284419284424
BELONG Beating Cancer Together,Positive,0.35058287290195184,0.4141634626338574
BEST CAR SOUNDS,Positive,0.3076986076986077,0.5282896532896533
BET NOW - Watch Shows,Neutral,0.0510880756974507,0.40812905844155845
BEYBLADE BURST app,Negative,-0.01392739590656258,0.4690503362378362
BIG Launcher,Positive,0.18498650308025308,0.41012519511738266
BLK - Swipe. Match. Chat.,Positive,0.30767763519549235,0.5519399908953481
BZWBK24 mobile,Positive,0.3268825522303783,0.5547810559006211
BaBe - Baca Berita,Positive,0.18680555555555553,0.4090277777777778
BaBe Lite - Baca Berita Hemat Kuota,Positive,0.31442307692307697,0.43333333333333335
BaBe+ - Berita Indonesia,Positive,0.365625,0.4479166666666667
Babbel ‚Äì Learn Languages,Positive,0.3916361531986532,0.4983976758195508
Babbel ‚Äì Learn Spanish,Positive,0.3093640734265734,0.5447092028342028
Baby ABC in box! Kids alphabet games for toddlers!,Positive,0.28577512577512576,0.4947191022191022
Baby Monitor,Positive,0.2742230725623583,0.49213548752834463
Baby Name Together,Positive,0.2859856284856285,0.49526973401973406
Baby Panda Care,Positive,0.17201893939393936,0.5404242424242424
Baby Panda Learns Shapes,Positive,0.2475370012870013,0.3571943371943372
Baby Panda Musical Genius,Positive,0.2277602521352521,0.48696199446199445
Baby Panda‚Äôs Juice Shop,Positive,0.10833333333333328,0.4916666666666667
Baby Tiger Care - My Cute Virtual Pet Friend,Positive,0.19518518518518518,0.36296296296296293
Baby puzzles,Positive,0.07949984276689925,0.5072541012452412
"Baca- Berita Terbaru, Informasi, Gosip dan Politik",Positive,0.2440754132231405,0.48291191132100225
Backgrounds (HD Wallpapers),Positive,0.26443175805675806,0.599070847362514
Backgrounds HD (Wallpapers),Positive,0.35387590187590184,0.5209487734487734
BaconReader for Reddit,Positive,0.2280863229009162,0.4700780805894442
Bad Piggies,Negative,0.007940659648845768,0.5389492408533662
Badoo - Free Chat & Dating App,Positive,0.1284891774891775,0.41610276875901875
Bagan - Myanmar Keyboard,Positive,0.29119916907636634,0.4197362012987013
Banco Ita√∫,Positive,0.07654520652958152,0.3643950216450217
Banco do Brasil,Positive,0.22347267316017314,0.47966436688311687
Bancomer m√≥vil,Negative,-0.07185252074314573,0.3070278550814265
Banfield Pet Health Tracker,Positive,0.08254051373973248,0.49524039849039847
Bangla Newspaper ‚Äì Prothom Alo,Positive,0.1693530701754386,0.4352339181286549
Banjo,Positive,0.23085021228771227,0.46412157310875257
Bank of America Mobile Banking,Positive,0.1800268291975881,0.4850038651824366
BankMobile Vibe App,Positive,0.35345457682414205,0.5646099190664409
Banorte Movil,Positive,0.116998667998668,0.5673119519369519
Banque Populaire,Negative,0.032322092452300805,0.32675855780022445
Barbie Life‚Ñ¢,Positive,0.16261297182349813,0.3933479532163743
Barbie Magical Fashion,Positive,0.08473276471512356,0.5782083847305621
Barbie‚Ñ¢ Fashion Closet,Positive,0.048600288600288595,0.47649350649350647
Barclays US for Android,Negative,0.017928003998316493,0.41255418771043767
Barcode Scanner,Positive,0.38627013377013375,0.4835820560820561
Baritastic - Bariatric Tracker,Positive,0.41827673686267436,0.571031492647564
Baseball Boy!,Negative,0.012272397197141398,0.4744802114272896
Basketball FRVR - Shoot the Hoop and Slam Dunk!,Positive,0.1024642857142857,0.4600272108843538
Basketball Stars,Positive,0.013905112685626995,0.4871262763528012
Bathroom Decorating Ideas,Positive,0.36267578125,0.5115454545454545
Battlelands Royale,Positive,0.040406194848324126,0.5142119465462056
Be A Legend: Soccer,Negative,-0.09925060033337468,0.4743972818025296
BeSoccer - Soccer Live Score,Positive,0.3567684784351451,0.40465388007054676
BeWild Free Dating & Chat App,Positive,0.17037221276530484,0.5180704969575584
Beautiful Design Birthday Cake,Positive,0.2703075396825396,0.519702380952381
Beautiful Widgets Free,Positive,0.013460700757575748,0.5222924031986531
Beautiful Widgets Pro,Positive,0.17941837105155556,0.5016910966315729
Beauty Camera - Selfie Camera,Positive,0.19999366181657846,0.4508201058201058
Beauty Makeup Snappy Collage Photo Editor - Lidow,Positive,0.1532142857142857,0.4769047619047619
BeautyPlus - Easy Photo Editor & Selfie Camera,Neutral,0.3,0.30000000000000004
Bed Time Fan - White Noise Sleep Sounds,Positive,0.78125,0.6
Best Car Wallpapers,Negative,-0.13333333333333328,0.48888888888888893
Best Fiends - Free Puzzle Game,Positive,0.3249999999999999,0.5375
Best Ovulation Tracker Fertility Calendar App Glow,Positive,0.5953125,0.5416666666666666
"Best Wallpapers Backgrounds(100,000+ 4K HD)",Positive,0.30042929292929293,0.38994949494949493
Best Wallpapers QHD,Positive,0.4722514455782313,0.6184401360544217
"BestCam Selfie-selfie, beauty camera, photo editor",Neutral,-0.03798581048581047,0.4216201699535033
BetterMe: Weight Loss Workouts,Positive,0.29227532274407275,0.49825571575571576
Betterment,Positive,0.14325219763259925,0.5105452301501409
BeyondMenu Food Delivery,Positive,0.4087426900584795,0.6176803118908382
BeyondPod Podcast Manager,Positive,0.1124582652900175,0.5457182367896654
Bible,Positive,0.36349543739121704,0.5336252466987003
Big Days - Events Countdown,Positive,0.28541372721928276,0.4996270576131687
"BigOven Recipes, Meal Planner, Grocery List & More",Positive,0.3282224025974026,0.49978214060245313
"BiggerCity: Chat for gay bears, chubs & chasers",Positive,0.21167546399141793,0.5781575964057872
Bike Computer - GPS Cycling Tracker,Positive,0.28197840354090353,0.47691442816442814
Binaural Beats Meditation,Positive,0.35351810515873017,0.5643201884920634
Binaural Beats Therapy,Positive,0.2832687528520862,0.4587343135259802
BioLife Plasma Services,Positive,0.15480616605616607,0.4577038503824218
Birdays ‚Äì Birthday reminder,Positive,0.35544993857493856,0.5550068737568737
Birds Sounds Ringtones & Wallpapers,Positive,0.3507882882882883,0.4158108108108108
Black People Meet Singles Date,Positive,0.24934125871422946,0.5053452310676337
Block Puzzle,Positive,0.035221354404960235,0.5367871126316935
Block Puzzle Classic Legend !,Positive,0.15090698653198653,0.5360595538720538
Blogaway for Android (Blogger),Positive,0.19725448933782266,0.3590662578162578
Blogger,Positive,0.12512580694159642,0.5200550796321473
Bloglovin',Positive,0.13395250871813372,0.46937849187849184
Blood Donor,Positive,0.20522144852501994,0.36418214831905305
Blood Pressure,Positive,0.44494301994301994,0.5866809116809117
Blood Pressure Log - MyDiary,Positive,0.32505491150053645,0.5914018250499501
Blood Pressure(BP) Diary,Neutral,0.08768325424575425,0.355830704018204
Bloomberg Professional,Positive,-0.023352723665223663,0.3632434613997114
Bloomberg: Market & Financial News,Neutral,0.054705447330447333,0.3379659090909091
Blossom Blast Saga,Negative,0.005714461079044404,0.5138021835417669
BluTV,Positive,0.28028073593073594,0.4214222943722944
Blur Image Background,Positive,0.372717803030303,0.643939393939394
Blur Image Background Editor (Blur Photo Editor),Positive,0.23310994560994563,0.530530303030303
Booking.com Travel Deals,Positive,0.014176835317460314,0.4009321581196581
Bowmasters,Positive,0.06141544934739928,0.5005483488208554
Box,Positive,0.41000050875050875,0.43508648758648755
Boxed Wholesale,Positive,0.28700849999248434,0.4857461067867318
Boys Photo Editor - Six Pack & Men's Suit,Positive,0.28350877192982454,0.4792982456140351
Brain Waves - Binaural Beats,Positive,0.22173148899711398,0.5443468915343915
Branch,Positive,0.26422979797979795,0.44464553386428385
Brasileir√£o Pro 2018 - S√©rie A e B,Positive,0.5508720238095238,0.5441656746031747
"Breaking News, Local news, Attacks and Alerts Free",Positive,0.21704599412932749,0.37713519333889706
Brightest Flashlight Free ¬Æ,Positive,0.4925714285714286,0.5224523809523809
Brightest LED Flashlight,Positive,0.3741989087301587,0.6228819444444444
Brilliant,Positive,0.2416548327664399,0.49085035301999586
Brit + Co,Positive,0.12312466179653678,0.5189175234487734
British Airways,Positive,0.20510616367759224,0.3991548134405278
Browser 4G,Positive,0.33708361185383245,0.4429032976827094
Bualuang mBanking,Neutral,0.004322019211725096,0.34824705387205385
Bubble Shooter,Positive,0.2536763602776534,0.5156595926423513
Bubble Shooter 2,Positive,0.28484848484848485,0.5234848484848486
Bubble Shooter Genies,Positive,0.04798845598845597,0.529732683982684
Bubble Shooter Space,Positive,0.18493055555555551,0.4974305555555556
Bubble Witch 3 Saga,Positive,0.06538467779287191,0.5379182096492003
Buienradar - weer,Positive,0.08678947292786578,0.4887794863866292
Build a Bridge!,Positive,0.08835631019497298,0.5132795923161372
Bukalapak - Jual Beli Online,Negative,0.009039564506154375,0.4232744828136533
BukuBayi - Perkembangan Bayi,Positive,0.31515734265734263,0.4660052447552448
Burner - Free Phone Number,Positive,0.06530092592592592,0.6361111111111111
Buscap√© - Ofertas e descontos,Positive,0.4708333333333334,0.485978835978836
Business Calendar 2,Positive,0.20114111302290014,0.46938575498575497
Butterfly Live Wallpaper,Positive,0.390275974025974,0.503655303030303
Buzz Launcher-Smart&Free Theme,Positive,0.20134484370347466,0.5776225692297121
"BuzzFeed: News, Tasty, Quizzes",Positive,0.1992963335568969,0.4749871450927789
"B√ÅO M·ªöI - ƒê·ªçc B√°o, Tin T·ª©c 24h",Positive,0.10828208556149731,0.41728015448603684
C Programming,Positive,0.2768000669964955,0.541011544011544
C++ Programming,Positive,0.19645104943282027,0.5534449571775961
C++ Tutorials,Positive,0.5309259259259259,0.5667438271604939
CAIXA,Negative,-0.0890148438163144,0.4659153676622164
CALCU‚Ñ¢ Stylish Calculator Free,Positive,0.3525981620718463,0.45346700083542185
CATS: Crash Arena Turbo Stars,Positive,0.028953154691858055,0.500371594394243
CBS News,Neutral,0.0,0.0
"CBS Sports App - Scores, News, Stats & Watch Live",Positive,0.16390708611411733,0.5124724732732545
CBS Sports Fantasy,Positive,0.24850236370438392,0.488624757677788
CDL Practice Test 2018 Edition,Positive,0.24112599206349206,0.477825176366843
CIA - Caller ID & Call Blocker,Positive,0.21781462585034012,0.42982993197278907
"CM Browser - Ad Blocker , Fast Download , Privacy",Negative,0.012500000000000011,0.6875
"CM Flashlight (Compass, SOS)",Positive,0.55625,0.5946428571428571
"CM Launcher 3D - Theme, Wallpapers, Efficient",Positive,0.2824789562289562,0.5911111111111111
CM Locker - Security Lockscreen,Positive,0.24005452304247984,0.480303944163994
CMB Free Dating App,Positive,0.2917571204040017,0.5421654119038425
CNBC: Breaking Business News & Live Market Data,Positive,0.24770376373317549,0.47396788404141343
CNN Breaking US & World News,Positive,0.057347888966192535,0.5081744708841328
COOKING MAMA Let's Cook!,Positive,0.21892208651137224,0.5058891112561748
CVS Caremark,Positive,0.1919080225330225,0.42912333393102625
CW Seed,Positive,0.3055693342151675,0.5177009847148736
CWT To Go,Positive,0.28675125313283206,0.5318358395989975
Cache Cleaner-DU Speed Booster (booster & cleaner),Positive,0.27852109695859695,0.4570770895770896
Caf - Mon Compte,Positive,0.1,0.3038461538461539
"Calculator - free calculator, multi calculator app",Neutral,-0.0375,0.15416666666666667
Calculator - unit converter,Positive,0.1833333333333333,0.5333333333333333
Calculator Plus Free,Positive,0.16666666666666666,0.6307142857142858
Calculator with Percent (Free),Neutral,0.03197278911564625,0.5638605442176872
Calendar Widget Month + Agenda,Neutral,0.15,0.25
Calendar+ Schedule Planner App,Positive,0.3190705128205128,0.4697435897435896
Call Blocker,Negative,0.02797258297258297,0.6554310966810967
Call Control - Call Blocker,Neutral,-0.041666666666666664,0.2916666666666667
Call of Duty:Black Ops Zombies,Negative,-0.16211950231481478,0.442716049382716
"CallApp: Caller ID, Blocker & Phone Call Recorder",Positive,0.3907407407407408,0.5064814814814815
Caller ID +,Positive,0.35,0.6000000000000001
Calls & Text by Mo+,Positive,0.4666666666666666,0.5458333333333334
Calls Blacklist - Call Blocker,Positive,0.12416233766233765,0.6151919191919192
"Calm - Meditate, Sleep, Relax",Positive,0.2895242009211789,0.5233274820417678
Calorie Counter & Diet Tracker,Positive,0.229177692374865,0.5049347109876211
Calorie Counter - EasyFit free,Positive,0.3480287178805847,0.5369835099867568
Calorie Counter - Macros,Positive,0.24751868247122885,0.5126753949820021
Calorie Counter - MyFitnessPal,Positive,0.21652262369662179,0.474814114742441
Calorie Counter - MyNetDiary,Positive,0.37584199559148174,0.5599666010020583
Cameringo Lite. Filters Camera,Positive,0.7702690972222223,0.5333333333333333
Candy Bomb,Positive,0.3274031986531986,0.6062394781144781
"Candy Camera - selfie, beauty camera, photo editor",Positive,0.19527792017923598,0.5430153034100402
Candy Crush Jelly Saga,Negative,-0.09233435751843284,0.4811245660731962
Candy Crush Saga,Negative,0.03106786541005292,0.45629279100529097
Candy Crush Soda Saga,Negative,-0.057079365716447526,0.48132998930374143
Candy Day,Positive,0.19246436403508768,0.4739181286549708
Candy Pop Story,Positive,0.04241514756944442,0.47871180555555554
Candy Smash,Positive,0.1572673611111111,0.5162118055555556
"Candy selfie - photo editor, live filter camera",Positive,0.37279761904761904,0.48031565656565656
"Canva: Poster, banner, card maker & graphic design",Positive,0.20483956893496366,0.5360009824483508
Canvas Student,Positive,0.12500000000000003,0.38749999999999996
Cat Sim Online: Play with Cats,Positive,0.18089609339033005,0.5251869828714091
Caviar - Food Delivery,Positive,0.21737478089040588,0.5137362637362637
Chakra Cleansing,Positive,0.42473518668831167,0.5723406385281385
Championat,Positive,0.19844806447410612,0.3673677799823633
Chapters: Interactive Stories,Positive,0.14904506568386022,0.5032795723384645
Chase Mobile,Positive,0.048165996701710984,0.488717625876108
"Chat Rooms, Avatars, Date - Galaxy",Positive,0.1380524855853803,0.42106441797231275
ChatVideo Meet new people,Positive,0.23191982566982566,0.3930076342576343
Cheap Flights & Hotels momondo,Positive,0.18377557627557628,0.46549228074869103
Cheap hotel deals and discounts ‚Äî Hotellook,Positive,0.2564173789173789,0.48700854700854695
"CheapTickets ‚Äì Hotels, Flights & Travel Deals",Positive,0.2941989422458173,0.5885373468706802
Cheapflights ‚Äì Flight Search,Positive,0.42191239316239315,0.5859340659340659
CheckPoints üèÜ Rewards App,Positive,0.27638016323953823,0.5184227994227995
Checkers ‚úîÔ∏è,Positive,0.06483468113676447,0.4405675805675806
Checkout 51: Grocery coupons,Positive,0.13048614579864576,0.39518319643319644
Choice Hotels,Positive,0.2987896825396825,0.7192063492063492
Choices: Stories You Play,Positive,0.03367840233861161,0.52632837418782
Christian Dating For Free App,Positive,0.09802603289938563,0.4786601830996281
Chrome Beta,Positive,0.23162517246398823,0.3778816200855674
Chrome Dev,Positive,0.333793360519551,0.5207789454813264
Cinemark Theatres,Positive,0.07015540674603174,0.403097702991453
Cisco Webex Meetings,Positive,0.10357702482702483,0.4623848528015195
Cisco Webex Teams,Positive,0.1294181246993747,0.4597798821548822
Citi Mobile¬Æ,Positive,-0.03873065476190478,0.4984982638888889
Citibanamex Movil,Positive,0.15006144781144778,0.5081359751359751
Citizens Bank Mobile Banking,Negative,0.013179054741554742,0.49393451290772716
CityMaps2Go Plan Trips Travel Guide Offline Maps,Positive,0.31709577922077925,0.5213652146464647
Claro,Neutral,-0.07208184523809524,0.4000099206349207
Clash Royale,Positive,0.06915710869708802,0.48923595085873556
Clash of Clans,Positive,0.03675568156290556,0.5339562645447385
Color Flashlight,Positive,0.17583333333333334,0.5264898989898991
Color Road,Negative,-0.05935675703532847,0.45401725705297136
Color Touch Effects,Positive,0.11572042084377611,0.44570958646616543
Color by Number - Draw Sandbox Pixel Art,Positive,0.1395563554802685,0.47136153852186463
Color by Number ‚Äì New Coloring Book,Positive,0.16885633604383601,0.5402294533544533
ColorFil - Adult Coloring Book,Positive,0.18612149019961519,0.5928430059523809
ColorNote Notepad Notes,Positive,0.27565456465959975,0.5111720565841794
ColorSnap¬Æ Visualizer,Neutral,0.02439102564102565,0.3499928774928775
Colorfit - Drawing & Coloring,Positive,0.1718359526825084,0.5727620177523428
Colorful Glitter Neon Butterfly Keyboard Theme,Positive,0.20640625,0.5825074404761905
Colorfy: Coloring Book for Adults - Free,Positive,0.04678487879117243,0.6042470514179697
Coloring & Learn,Positive,0.41382226874003186,0.6094258373205742
Coloring book moana,Positive,0.15265151515151515,0.641540404040404
Comedy Central,Positive,0.17142376628681774,0.34690642241745184
Common Core,Negative,-0.008810779993815729,0.4599950718923933
Comptia A+ 220-901 & 220-902,Positive,0.5007922824302135,0.5598440065681445
ConnectLine,Positive,0.13801162883082524,0.4503203268814171
Contacts,Positive,0.012248710230089456,0.47213382638664597
Contacts+,Positive,0.41081458319945163,0.4530827603196025
Content Transfer,Positive,0.1630472817836099,0.3970588474025974
ConvertPad - Unit Converter,Positive,0.22344972943722943,0.48779688251563247
Cookbook Recipes,Positive,0.565437038093288,0.6426115401115401
Cooking Channel,Positive,0.364018944018944,0.533577256077256
Cooking Fever,Negative,-0.042331442605593655,0.47786459601464903
Cooking Madness - A Chef's Restaurant Games,Positive,0.013550644982006574,0.5167562877384306
Cookpad,Positive,0.2574367684784351,0.5483966650633317
Cool Popular Ringtones 2018 üî•,Positive,0.20348488136574072,0.571494708994709
Cool Reader,Positive,0.11584079160970608,0.4773699162679426
Couch to 10K Running Trainer,Positive,0.33737879109977326,0.5205262651534973
Couch to 5K by RunDouble,Positive,0.27732642225499365,0.4943462357748072
Couchsurfing Travel App,Positive,0.24728937266437265,0.529696291362958
Cougar Dating Life : Date Older Women Sugar Mummy,Positive,0.32457028157028156,0.5885129315129315
Couple - Relationship App,Positive,0.30442296156254967,0.5813240288788535
Credit Karma,Positive,0.2700516800659658,0.5196421459492888
Credit Sesame,Positive,0.08866738579403051,0.3942038112959166
CreditWise from Capital One,Positive,0.23945429387863595,0.5351311517429939
Crew - Free Messaging and Scheduling,Positive,0.4173319523358586,0.5998381895881896
Cricbuzz - Live Cricket Scores & News,Positive,0.09701201393635603,0.5658186185159869
Cricket Visual Voicemail,Positive,0.062002591819556106,0.4195424700960415
Crossy Road,Positive,0.21585128145848675,0.5298473893553813
Crunchyroll - Everything Anime,Positive,0.17751003336940835,0.44489962443310654
Current debit card and app made for teens,Positive,0.3272583733540765,0.4721886874699375
Curriculum vitae App CV Builder Free Resume Maker,Positive,0.3937034821903243,0.4980359041543252
Curso de Ingles Gratis,Positive,0.49990240240240236,0.5302477477477477
Cut the Rope 2,Positive,0.14827543557265777,0.5373204505371172
Cut the Rope FULL FREE,Negative,0.013067753887269178,0.5702711808929921
Cycling - Bike Tracker,Positive,0.3521468253968254,0.6174126984126984
"Cymera Camera- Photo Editor, Filter,Collage,Layout",Positive,0.419417735042735,0.4619810744810745
Czech Public Transport IDOS,Positive,0.2510749072356215,0.40281887755102047
DC Comics,Positive,0.4924897443826015,0.6226421475350047
DC Super Hero Girls‚Ñ¢,Positive,0.33400902406417116,0.5733266488413546
DEAD TARGET: FPS Zombie Apocalypse Survival Games,Positive,0.06681826118326117,0.4852570346320346
DEER HUNTER 2018,Negative,-0.3833333333333333,0.4333333333333333
DELISH KITCHEN - ÁÑ°Êñô„É¨„Ç∑„ÉîÂãïÁîª„ÅßÊñôÁêÜ„ÇíÊ•Ω„Åó„Åè„ÉªÁ∞°Âçò„Å´ÔºÅ,Positive,0.38727222222222224,0.4498888888888889
DINO HUNTER: DEADLY SHORES,Positive,0.022312567688483907,0.5055597754758974
DIY Garden Ideas,Positive,0.4440441176470588,0.6164950980392156
DIY On A Budget,Positive,0.44806264074729985,0.5576276837640475
DMV Permit Practice Test 2018 Edition,Positive,0.29566032132549985,0.559805860222877
DRAGON BALL LEGENDS,Positive,0.0995493397768312,0.5191072965821683
DSLR Camera Hd Ultra Professional,Positive,0.0769517543859649,0.5042909356725146
DStv Now,Positive,0.023143659003034004,0.5161311836311836
DU Browser‚ÄîBrowse fast & fun,Positive,0.17726609823708034,0.5062402473518545
"DU Recorder ‚Äì Screen Recorder, Video Editor, Live",Positive,0.22418691689058068,0.5246842190376673
Daily Workouts - Exercise Fitness Routine Trainer,Positive,0.8,0.75
Daily Yoga - Yoga Fitness Plans,Positive,0.2570176467051467,0.5669227994227994
"Dailyhunt (Newshunt) - Latest News, Viral Videos",Negative,-0.06614583333333332,0.5541666666666667
Dairy Queen,Positive,0.1894097222222222,0.37438271604938267
Daniel Tiger for Parents,Positive,0.2796296296296296,0.5090388007054674
DashClock Widget,Positive,0.0333333333333333,0.419047619047619
Dashlane Free Password Manager,Negative,0.1707539682539683,0.5442857142857143
"Dating App, Flirt & Chat : W-Match",Neutral,0.3016666666666667,0.43555555555555564
Dating for 50 plus Mature Singles ‚Äì FINALLY,Positive,0.3325396825396825,0.5087301587301588
Daum Mail - Îã§Ïùå Î©îÏùº,Positive,0.266,0.36542857142857144
Davis's Drug Guide,Negative,-0.10000000000000002,0.5333333333333333
Davis's Drug Guide for Nurses,Positive,0.3148148148148148,0.4259259259259259
Debonairs Pizza,Positive,0.0465277777777778,0.6054166666666667
"Delivery Club‚Äì–î–æ—Å—Ç–∞–≤–∫–∞ –µ–¥—ã:–ø–∏—Ü—Ü–∞,—Å—É—à–∏,–±—É—Ä–≥–µ—Ä,—Å–∞–ª–∞—Ç",Positive,0.0757676568223443,0.3401594932844933
Delta Dental,Negative,-0.08418477182539683,0.3259047619047619
Despegar.com Hoteles y Vuelos,Positive,0.26372964997965,0.47689763939763946
Detector de Radares Gratis,Positive,0.42858539310152216,0.5178780896522832
Device Help,Positive,0.09639573827073826,0.3562866225366225
Diabetes & Diet Tracker,Positive,0.36362731075231075,0.5684691607191606
Diabetes:M,Positive,0.3179679035352112,0.5219833001756079
Diamond Zipper Lock Screen,Positive,0.15973039215686274,0.6061519607843138
Diary with lock,Positive,0.2837633405132804,0.568277521195691
Diary with lock password,Positive,0.29226684227776883,0.509655793410164
Dictionary - Merriam-Webster,Positive,0.23873106060606059,0.46232112794612795
Die TK-App ‚Äì alles im Griff,Positive,0.16437022339800117,0.5273030570252792
Digg,Positive,0.042700314836678466,0.5073774104683195
DigiCal Calendar Agenda,Positive,0.1682127041637911,0.5067420059811364
Digit Save Money Automatically,Positive,0.250246308750773,0.4027419926303855
Digital Alarm Clock,Positive,0.34107329093987326,0.480794760360488
Dil Mil,Positive,-0.06348243861938717,0.4265464094728801
Dino War: Rise of Beasts,Positive,0.059137009742168456,0.45208500824572256
Dinosaur Simulator: Dino World,Negative,-0.01314102564102564,0.40544871794871795
Discover Mobile,Negative,-0.0416666666666666,0.5277777777777778
Disney Heroes: Battle Mode,Negative,-0.005000000000000001,0.35833333333333334
Disney Magic Kingdoms: Build Your Own Magical Park,Positive,0.08702965526958688,0.4842235681407414
DisneyNOW ‚Äì TV Shows & Games,Positive,0.2039919593979968,0.5351162186054476
Divar,Positive,0.18834069067327994,0.48675561461275746
Do It Later: Tasks & To-Dos,Positive,0.1682022607022607,0.3273473530826472
Docs To Go‚Ñ¢ Free Office Suite,Positive,0.20629078483245147,0.4105713383838384
Doctor On Demand,Positive,0.38842992173721336,0.5533802655677655
Doctor Pets,Positive,0.16880208333333332,0.5141666666666667
Dog Licks Screen Wallpaper,Positive,0.22525030371997284,0.5277725905176885
Dog Run - Pet Dog Simulator,Positive,0.13709855403348553,0.5067884322678843
Dog Sim Online: Raise a Family,Negative,0.17529423701298708,0.5895535714285715
Domino's Pizza USA,Positive,0.20907864159338213,0.5032287457102147
Dominos Game ‚úîÔ∏è,Positive,0.023215534465534458,0.3329251304251304
"Domofond –ù–µ–¥–≤–∏–∂–∏–º–æ—Å—Ç—å. –ö—É–ø–∏—Ç—å, —Å–Ω—è—Ç—å –∫–≤–∞—Ä—Ç–∏—Ä—É.",Positive,0.1653419314603525,0.4463181117128485
Doodle Jump,Positive,0.11363000290604457,0.5181851050184384
Door Lock Screen,Positive,0.5166216422466423,0.6068617724867725
DoorDash - Food Delivery,Positive,0.07240710302429051,0.44422497723837007
Dosecast - Medication Reminder,Positive,0.29914956069150145,0.5237338374344954
Down Dog: Great Yoga Anywhere,Positive,0.2918472637721826,0.5268369912690124
Dr. Oetker Rezeptideen,Positive,0.3120252976190476,0.48947486772486776
Dr. Panda & Toto's Treehouse,Positive,0.180236682925485,0.5326722544430877
Dr. Panda Restaurant 3,Positive,-0.09746777119938886,0.5161196258806553
Dr. Panda Town: Vacation,Positive,0.09280715004396645,0.4862867192331478
DraftKings - Daily Fantasy Sports,Positive,0.3123335537918871,0.5213883377425044
Dragon Hills,Positive,0.040340518278018246,0.5521841287019859
Draw A Stickman,Negative,-0.15,0.4
Draw In,Negative,-0.1341666666666666,0.5825
Draw Your Game,Negative,-0.6684895833333333,0.6833333333333333
Draw a Stickman: EPIC 2,Positive,0.0999999999999999,0.5416666666666666
Drawing for Kids Learning Games for Toddlers age 3,Positive,0.3866666666666666,0.5466666666666667
Dream League Soccer 2018,Positive,-0.0005180776014110008,0.483123897707231
DreamTrips,Positive,0.3712767777565572,0.43856872294372296
DreamWorks Friends,Positive,-0.0017880828486889144,0.47637230894806654
Dresses Ideas & Fashions +3000,Positive,0.4306034482758621,0.5574667031563583
Droid Zap by Motorola,Negative,-0.04053738275613276,0.4383898011710512
DroidAdmin for Android - Advice,Positive,0.12617521367521367,0.5074501424501425
Dropbox,Positive,0.23633052505790994,0.4436356041619199
Drugs.com Medication Guide,Positive,0.24735357887601475,0.49059276786840894
Dude Perfect 2,Positive,0.1169023559743807,0.5357966279447627
Dumb Ways to Die 2: The Games,Positive,0.027208249239499233,0.4694232381732382
Dungeon Hunter Champions: Epic Online Action RPG,Positive,-0.034255807849557854,0.48827825167557315
Dunkin' Donuts,Positive,0.1965599297808238,0.47051000630182965
Duolingo: Learn Languages Free,Positive,0.20040773809523807,0.4702147530324614
DuraSpeed,Neutral,-0.03404401154401155,0.39668705168705165
E*TRADE Mobile,Positive,0.15327341401364838,0.49361037978225475
"Easy - taxi, car, ridesharing",Positive,0.2973105276366146,0.45180147750799926
Easy Hair Style Design,Positive,0.4902037037037037,0.554462962962963
Easy Healthy Recipes,Positive,0.445762473876698,0.5893495297805643
Easy Installer - Apps On SD,Neutral,-0.009110334110334113,0.3106934731934732
Easy Makeup Tutorials,Positive,0.2819713754609588,0.42436317540484203
Easy Origami Ideas,Positive,0.09945261437908497,0.5367647058823529
Easy Recipes,Positive,0.27053819444444444,0.5101388888888889
Easy Voice Recorder,Positive,0.4358370518370518,0.5656775421363334
EasyBib: Citation Generator,Positive,0.07183166248955723,0.3912238930659983
Eat Fit - Diet and Health Free,Positive,0.2450441468253968,0.5294246031746032
Eat24 Food Delivery & Takeout,Positive,0.1716105214230214,0.5470710770710772
EatStreet Food Delivery App,Positive,0.3832653026403026,0.5136076011076011
"Ebates: Cash Back, Coupons, Rewards & Savings",Positive,0.22538709463051565,0.41552014505961876
Ebook Reader,Positive,0.34253248776686274,0.5815682157348824
Ecobank Mobile Banking,Negative,-0.014860031943365276,0.5415730180313514
Edmodo,Positive,0.40415553494124923,0.44355813234384667
Educational Games 4 Kids,Positive,0.1943595257082099,0.4732344117870434
Educational Games for Kids,Positive,0.3065564373897707,0.5136640211640212
El tiempo de AEMET,Positive,0.18751404349618636,0.2754370232941662
English with Lingualeo,Positive,0.13516865079365076,0.3522718253968254
English-Myanmar Dictionary,Positive,0.3935134237107921,0.40219265018607125
Entel,Neutral,0.018577117327117344,0.33131373256373253
Enterprise Rent-A-Car,Positive,0.2556781798448465,0.5988954872288206
Episode - Choose Your Story,Positive,0.08027377437170963,0.4811471465662314
Epocrates Plus,Positive,0.299594696969697,0.5152561327561328
Equestria Girls,Positive,0.04380837742165866,0.550960435543769
Essential Anatomy 3,Positive,0.2255163032858345,0.5223282227032227
Essential Resources,Positive,0.28141962312860747,0.48453513558201056
Etsy: Handmade & Vintage Goods,Positive,0.3054831433998101,0.5440019228160253
Etta Homes,Positive,0.34462250712250714,0.49577991452991454
Eurosport,Positive,0.04904455741626794,0.4273702722715881
"Eve Period Tracker - Love, Sex & Relationships App",Positive,0.5050367080835831,0.501774753024753
"Even - organize your money, get paid early",Positive,0.2839285714285714,0.4627380952380952
"Evernote ‚Äì Organizer, Planner for Notes & Memos",Positive,0.08409023930833825,0.5222918902085569
Evie Launcher,Positive,0.27792823212907847,0.48739135996622973
ExDialer - Dialer & Contacts,Positive,0.2713527987019366,0.49568862814039333
"Expedia Hotels, Flights & Car Rental Travel Deals",Positive,0.09299215649801587,0.5015541294642857
Expense IQ Money Manager,Positive,0.22750618948703624,0.44198430929882543
Experian - Free Credit Report,Positive,0.1705043708304578,0.5278456406717276
Extreme Car Driving Simulator,Negative,-0.07361111111111115,0.4527777777777777
Extreme Coupon Finder,Positive,0.07121421485260769,0.5617181594860167
Extreme Match,Positive,0.19446454876142374,0.46685135080968415
Extreme Racing 2 - Real driving RC cars game!,Positive,0.02366732804232804,0.4190608465608465
EyeCloud,Positive,0.11717855447022113,0.3554406601628824
EyeEm - Camera & Photo Filter,Positive,0.3380653936903937,0.586203964953965
EzCalculator,Positive,0.37776996943115365,0.5213414947625473
FBReader: Favorite Book Reader,Positive,0.2777048112144266,0.4724487336025797
FERZU - Furries Social Network,Positive,0.08186532214817471,0.4869399930553776
"FIFA - Tournaments, Soccer News & Live Scores",Positive,0.06825822325822326,0.44277674486007823
FINAL FANTASY BRAVE EXVIUS,Positive,0.07081548550701007,0.5314801504552734
FOSSIL Q: DESIGN YOUR DIAL,Neutral,0.2397669880624426,0.33451561065197427
FOX,Positive,0.21398402523402524,0.4584032017365351
FOX NOW - On Demand & Live TV,Positive,0.04809023630759121,0.49202284566083265
"FOX Sports: Live Streaming, Scores & News",Positive,0.3132563003775125,0.520679012345679
FREEDOME VPN Unlimited anonymous Wifi Security,Neutral,0.31363636363636366,0.3477272727272727
"FUN Keyboard ‚Äì Emoji Keyboard, Sticker,Theme & GIF",Positive,0.25675,0.34328703703703706
"Fabulous: Motivate Me! Meditate, Relax, Sleep",Positive,0.19199594209527243,0.5265805589912732
"Face Filter, Selfie Editor - Sweet Camera",Positive,0.19428104575163396,0.5888655462184874
Facebook,Negative,-0.007002902024896398,0.46020734988097733
Facebook Ads Manager,Positive,0.20340053597196453,0.31926272933415795
Facebook Lite,Negative,-0.0009910877556351672,0.4561272204806687
Facebook Local,Positive,0.1336416983933725,0.44045936404864977
Facebook Pages Manager,Negative,-0.061082728545963846,0.44085285629403276
Facetune - Ad Free,Positive,0.4320605655682186,0.5606183269363542
Fake Call - Fake Caller ID,Positive,0.2977941730740238,0.4860976502767548
Fallout Shelter,Positive,0.17023214882331378,0.5136060292384971
Family Album Mitene: Private Photo & Video Sharing,Positive,0.4325875840980008,0.6301165809499143
Family Dollar,Positive,0.24816588074623788,0.4460639301175015
Family GPS Tracker and Chat + Baby Monitor Online,Positive,0.4174351136851137,0.5475182325182325
Family GPS tracker KidControl + GPS by SMS Locator,Positive,0.21120309658151454,0.5171229125330687
Family Locator - GPS Tracker,Positive,0.35857535238513494,0.5448769579856536
FamilySearch Tree,Positive,0.20932583022687187,0.43582595799262464
FanDuel: Daily Fantasy Sports,Positive,0.28708349731077004,0.4659878000787092
Fancy Widgets,Positive,0.2142135145323051,0.5463555010574592
Fandango Movies - Times + Tickets,Positive,0.14260188855156386,0.5183011234796949
Fantasy Football,Positive,0.0625806329338938,0.41102149863019427
Fantasy Football & NFL News,Positive,0.4212411580793934,0.5673918102594574
Fantasy Football Manager (FPL),Positive,0.29987097869450813,0.5221638655462185
Farm Fruit Pop: Party Time,Positive,0.16502772177419353,0.47051459293394776
Farm Heroes Saga,Positive,-0.011810531860815964,0.44443435327298964
Farming Simulator 14,Positive,0.05812792225476048,0.48741907874260815
Farming Simulator 18,Positive,0.06446713240463238,0.49332987151737157
Fashion in Vogue,Positive,0.05532565701260391,0.34800007023458346
Fast News,Positive,0.3463034188034188,0.6042012617012618
Fast Scanner : Free PDF Scan,Positive,0.3130631605631605,0.4279001891501892
Fast Secure VPN,Positive,0.1791001133060992,0.41854095315035955
"FastMeet: Chat, Dating, Love",Positive,0.3441734006734007,0.5173434343434344
Fat Burning Workout - Home Weight lose,Positive,0.17526900953984287,0.5471371452621452
Fate/Grand Order (English),Positive,0.06088093070124321,0.5285510635198135
FidMe Loyalty Cards & Deals at Grocery Supermarket,Positive,0.22026761117670207,0.4141676505312869
File Browser by Astro (File Manager),Positive,0.11199179292929291,0.45269949494949496
File Explorer,Positive,0.25958281573498965,0.456304347826087
File Manager,Neutral,0.06183281680440773,0.31330004591368227
File Manager -- Take Command of Your Files Easily,Neutral,0.21464646464646464,0.3605555555555556
Files Go by Google: Free up space on your phone,Positive,0.13068233101321336,0.5235522935864323
FilterGrid - Cam&Photo Editor,Positive,0.09263994537208824,0.529429069607641
Filters for B Live,Neutral,0.16801767676767676,0.39555555555555555
Filters for Selfie,Positive,0.09912037037037036,0.5278946208112875
Final Fantasy XV: A New Empire,Negative,-0.023527279180463653,0.511339249742269
Financial Times,Positive,0.18463979076479073,0.4657510221260221
Find Dining Restaurant Finder,Positive,0.3394679300291545,0.4775996112730807
Find a Way: Addictive Puzzle,Positive,0.0696302333854417,0.5850889989639989
Find&Save - Local Shopping,Positive,0.09095987726263012,0.38212278881815626
FindShip,Positive,0.10044897504456328,0.41144872692666806
Firefox Browser fast & private,Positive,0.11014201898945648,0.5187862517847506
Firefox Focus: The privacy browser,Positive,0.2092485894097222,0.5538280971777065
Fishdom,Positive,0.0595148493038343,0.5635105308518095
Fitbit,Positive,0.24555465367965365,0.5822820466570467
Flashlight,Positive,0.4054000850340136,0.6072482993197279
Flashlight & LED Torch,Neutral,0.24973333333333333,0.2581777777777778
Flashlight - Torch LED Light,Positive,0.4045251322751323,0.5391269841269841
Flashlight HD LED,Positive,0.4522039981091705,0.6406517141861969
Flickr,Positive,0.17743249083092832,0.4359923749572187
Flight & Hotel Booking App - ixigo,Positive,0.341024531024531,0.5210594035594036
Flightradar24 Flight Tracker,Positive,0.19662472943722942,0.47700787906703085
Flights,Positive,0.140565164002664,0.4000104062604063
Flip the Gun - Simulator Game,Positive,-0.008393065268065292,0.47298784548784545
FlipaClip - Cartoon animation,Positive,0.41264880952380956,0.6792261904761905
Flipboard: News For Our Time,Positive,0.38586500305250304,0.4338217338217338
Flipkart Online Shopping App,Positive,0.2915263605442177,0.47886228850514573
Flipp - Weekly Shopping,Positive,0.3236720779220779,0.5630284751091202
Flippy Campus - Buy & sell on campus at a discount,Positive,0.39528393175452,0.49248472116119174
FlirtChat - ‚ô•Free Dating/Flirting App‚ô•,Positive,0.4209925788497217,0.5106957328385899
Floor Plan Creator,Positive,0.26461547586547585,0.4655839280839281
Flow Free,Positive,0.07076862709337588,0.5201833408656908
Flowers Live Wallpaper,Positive,0.20517906336088154,0.5650367309458219
Fly Delta,Positive,0.14325237137108363,0.4622601174814454
FollowMyHealth¬Æ,Positive,0.18942767109847486,0.48177970677624415
Font Studio- Photo Texts Image,Positive,0.08145920868347338,0.5220456932773109
Food Calorie Calculator,Neutral,0.09797280294231513,0.44987611304684477
Food Network,Positive,0.028354857681442188,0.4370341493404874
Fooducate Healthy Weight Loss & Calorie Counter,Positive,0.35421692335820487,0.4977620327410244
"Foot Mercato : transferts, r√©sultats, news, live",Positive,0.3616373456790123,0.47413271604938273
Football Live Scores,Positive,0.4050258891435362,0.5309547152194212
ForecaWeather,Positive,0.36090676501860713,0.5093346291866029
Fortune City - A Finance App,Positive,0.26696618341149586,0.45879702280743945
Four In A Line,Positive,0.27484875723092933,0.5493170399727777
Four In A Line Free,Positive,0.20236801881246325,0.4853270474381585
Foursquare City Guide,Positive,0.20027867965367965,0.42221578025149453
Foursquare Swarm: Check In,Negative,-0.06233983927949446,0.4214936131192289
Fox Business,Positive,0.08882674106938812,0.5015917069042068
"Fox News ‚Äì Breaking News, Live Video & News Alerts",Positive,0.021842715966092576,0.5029876189226838
Fraction Calculator Plus Free,Positive,0.37264092538286087,0.5620348647768003
Free & Premium VPN - FinchVPN,Positive,0.2176688508884801,0.477772631395398
Free Dating & Flirt Chat - Choice of Love,Neutral,0.032965367965367955,0.36135281385281387
Free Dating App & Flirt Chat - Cheers,Positive,0.3019262941919192,0.47738162878787876
Free Dating App & Flirt Chat - Match with Singles,Positive,0.33969696969696966,0.5836531986531986
Free Dating App - Meet Local Singles - Flirt Chat,Negative,-0.050325832956429964,0.559581583424867
"Free Dating App - YoCutie - Flirt, Chat & Meet",Positive,0.11783620099298064,0.44732448577787565
Free Dating Hook Up Messenger,Positive,0.14728845283112993,0.5223361741189635
Free Foreclosure Real Estate Search by USHUD.com,Negative,-0.03836728574277404,0.4402344652344652
Free Hypnosis,Positive,0.27579490295815295,0.49427512650312644
Free Live Talk-Video Call,Negative,-0.1,0.1
Free Panda Radio Music,Neutral,0.25,0.26666666666666666
Free Sports TV,Positive,0.16731858265191596,0.5141263962375073
"Free TV Shows App:News, TV Series, Episode, Movies",Positive,0.2715553215553216,0.5907247425997426
Free VIN Report for Used Cars,Positive,0.30857474747474745,0.49431821273964127
Free live weather on screen,Positive,0.3942586105415053,0.5197159565580618
"Free phone calls, free texting SMS on free number",Positive,0.22960420173961837,0.5231201565923789
FreePrints ‚Äì Free Photos Delivered,Positive,0.4461811075370103,0.6266804152637486
Freeletics: Personal Trainer & Fitness Workouts,Positive,0.2742506820436508,0.46370628720238094
Freeme Launcher‚ÄîStylish Theme,Positive,0.3185,0.47637755102040824
Fresh EBT - Food Stamp Balance,Positive,0.15972740535608182,0.4247380315762669
FreshBooks Classic,Positive,0.10052989270057915,0.47211790185352337
Frontback - Social Photos,Positive,0.20709648569023567,0.46163720538720543
Frozen Free Fall,Positive,0.06010569985569984,0.5061268037518037
Fruit Block - Puzzle Legend,Negative,-0.1833333333333333,0.3777777777777777
Fruit Ninja¬Æ,Positive,0.15479454685099844,0.49328917050691246
Fruits Bomb,Positive,0.20532335280753003,0.5306104619712214
Fuelio: Gas log & costs,Positive,0.4408648682441296,0.5316347888222889
Full Screen Caller ID,Positive,0.34557612414467254,0.47666177908113394
Fun Kid Racing,Positive,0.26973829201101923,0.5245821854912764
Fun Kid Racing - Motocross,Positive,0.19079545454545455,0.5135774410774411
Funny Alarm Clock Ringtones,Positive,0.10838064006466784,0.5961899862825789
Funny Pics,Positive,0.15368272005772005,0.5721806553235125
Fuzzy Seasons: Animal Forest,Positive,0.16893322575242212,0.5792567683639112
G Cloud Backup,Positive,0.28419198139025725,0.5738897851828887
GANMA! - „Ç™„É™„Ç∏„Éä„É´Êº´Áîª„ÅåÂÖ®Ë©±ÁÑ°Êñô„ÅßË™≠„ÅøÊîæÈ°å,Positive,0.2916704576785222,0.47509063964709125
"GCash - Buy Load, Pay Bills, Send Money",Neutral,0.027082440851972103,0.3834686147186147
GMAT Math Flashcards,Positive,0.41273599712401793,0.5496980218855219
GMAT Question Bank,Positive,0.26889992360580595,0.4698832866479925
GMX Mail,Positive,0.3400470779220779,0.5407398018648019
"GO Keyboard - Cute Emojis, Themes and GIFs",Positive,0.2239008620689655,0.31061302681992337
"GO Keyboard - Emoticon keyboard, Free Theme, GIF",Positive,0.3074404215313306,0.502509237395601
GO Notifier,Positive,0.06751958927510397,0.4230678104575163
"GO SMS Pro - Messenger, Free Themes, Emoji",Positive,0.2024882756132756,0.4398316960816961
"GO Weather - Widget, Theme, Wallpaper, Efficient",Positive,0.3334000273124918,0.43870310245310246
GPS Map Free,Positive,0.7,0.6000000000000001
GPS Speedometer and Odometer,Positive,0.6875,0.6541666666666667
"GPS Speedometer, Distance Meter",Positive,0.3688950892857143,0.6011644345238095
GPS Status & Toolbox,Positive,0.3980736961451247,0.4026825396825397
GPS Traffic Speedcam Route Planner by ViaMichelin,Positive,0.2724778825671683,0.46424505829267737
GRE Flashcards,Positive,0.26205528749799584,0.5237899831649832
GRE Prep & Practice by Magoosh,Positive,0.38801571268237933,0.4839062850729518
GRE Tutor,Positive,0.4086946386946387,0.5681086043586043
GS SHOP,Positive,0.2391812865497076,0.3475877192982456
GUNSHIP BATTLE: Helicopter 3D,Positive,0.02222591795753969,0.45793083900226755
Galactic Core Free Wallpaper,Positive,0.24756756810576253,0.6578138425360648
Galaxy Attack: Alien Shooter,Positive,0.07728975087930309,0.4665821806717329
Game of Thrones: Conquest‚Ñ¢,Positive,0.1988888888888889,0.44722222222222224
"Gametime - Tickets to Sports, Concerts, Theater",Positive,0.3797400972400972,0.5702181577181578
Garden Coloring Book,Positive,0.2684828944203944,0.5234474150677855
Garden Fruit Legend,Positive,0.24278846153846154,0.5757478632478632
Garden Photo Frames - Garden Photo Editor,Positive,0.34213675213675215,0.4937179487179488
Gardenscapes,Positive,0.019585137969696343,0.5014648140223873
Garena Free Fire,Positive,0.071157869556908,0.4941331211427365
Garmin Connect‚Ñ¢,Positive,0.15480992965367965,0.4854234758297259
GasBuddy: Find Cheap Gas,Positive,0.2726742875180375,0.5009855994699745
Gay Sugar Daddy Dating & Hookup ‚Äì Sudy Gay,Positive,0.20086835232668565,0.6372210351377018
Gboard - the Google Keyboard,Positive,0.0645865156103643,0.5171716244977523
Gems or jewels ?,Positive,0.14020820036445036,0.43863784363784364
Genius Scan - PDF Scanner,Positive,0.24316067612942613,0.5183336855452241
Gmail,Positive,0.07138310185185184,0.4659200872189153
GoBank,Positive,0.039100828396805405,0.5303020581933049
GoPro (formerly Capture),Negative,-0.007790556830735392,0.4620191285278281
Goal Live Scores,Positive,0.17692905844155843,0.5138371392496393
Goibibo - Flight Hotel Bus Car IRCTC Booking App,Positive,0.41273037391458445,0.5649483873825979
Goku Wallpaper Art,Positive,0.4643197278911565,0.517482993197279
Gold Butterfly Keyboard Theme,Positive,0.4308228519166019,0.6011085211085211
Golden Dictionary (EN-AR),Positive,0.34045045045045047,0.4903003003003003
Golden Launcher,Positive,0.507079346092504,0.5899720893141945
Goldstar: Live Event Tickets,Positive,0.5492664141414141,0.6354549062049062
Golf Channel,Negative,-0.025728535353535364,0.4610644841269841
Golf GPS Rangefinder: Golf Pad,Positive,0.2726327684661018,0.5649432511932512
Golf GPS by SwingxSwing,Positive,0.2046785506160506,0.4576765171556838
GolfLogix GPS + Putt Breaks,Negative,-0.07843205020288353,0.4526742085075418
"GolfNow: Tee Time Deals at Golf Courses, Golf GPS",Positive,0.1683002897862067,0.5041837396278186
Golfshot Plus: Golf GPS,Positive,0.3861793695887446,0.4753117784992785
Golfshot: Golf GPS + Tee Times,Positive,0.34424886363636364,0.4648870791245791
GoodRx Drug Prices and Coupons,Positive,0.25247104247104246,0.449028314028314
Google,Positive,0.2603594687476266,0.4927439336978811
Google Ads,Positive,0.1399653371320038,0.4323986484194818
Google Duo - High Quality Video Calls,Positive,0.2856898148148148,0.49799074074074073
Google Earth,Positive,0.0949020549208519,0.46496248060627754
Google Fit - Fitness Tracking,Positive,0.1300530303030303,0.4778642676767677
Google Handwriting Input,Positive,0.2541081871345029,0.39329847053531264
Google Keep,Positive,0.10001687003472717,0.4888327030112744
Google My Business,Positive,0.26843628593628593,0.4494172494172495
Google News,Positive,0.09391674022626403,0.49677560130933146
Google PDF Viewer,Positive,0.10041042117604618,0.4412866107933072
Google Pay,Positive,0.11568748609957398,0.5077741771354409
Google Photos,Positive,0.14750958573897785,0.5018935734339623
Google Primer,Positive,0.75,0.675
Google Slides,Positive,0.9333333333333332,0.9166666666666666
Google Street View,Negative,-0.5,0.6916666666666667
Google Translate,Positive,0.21416666666666664,0.48999999999999994
Google Trips - Travel Planner,Positive,0.3,0.0
Google Voice,Neutral,0.15247928503787878,0.19622159090909091
Google+,Positive,0.3680555555555556,0.46944444444444444
Granny,Positive,0.06462316388125873,0.5562993347603944
Graphing Calculator,Positive,0.2458298171589311,0.4644786015672091
Grim Soul: Dark Fantasy Survival,Positive,0.05230612867822011,0.5017646990789126
Groovebook Photo Books & Gifts,Positive,0.1639216068452763,0.5067545042492522
GroupMe,Positive,0.11844004086191585,0.518137446598985
"Groupon - Shop Deals, Discounts & Coupons",Positive,0.285940735479798,0.47119181975431973
Grubhub: Food Delivery,Positive,0.12273932938406622,0.47002923976608185
Guns of Glory,Negative,-0.1420604256854257,0.5351874996145829
Gyft - Mobile Gift Card Wallet,Positive,-0.03364355250839038,0.5253256169825719
H Pack,Positive,0.10824242424242422,0.37940877525252525
H TV,Positive,0.3021153846153846,0.4085042735042735
H&M,Positive,0.02447295645212312,0.5764898448231781
HBO GO: Stream with TV Package,Negative,-0.055652711720192906,0.5216060351511479
HD Camera,Neutral,0.0,0.0
HD Camera - Best Cam with filters & panorama,Positive,0.22337962962962962,0.5875
HD Camera - Quick Snap Photo & Video,Positive,0.45568627450980387,0.5777731092436975
HD Camera Pro for Android,Positive,0.07683823529411767,0.6097689075630253
HD Camera Ultra,Positive,0.15469866870710122,0.5695181114814052
HD Camera for Android,Positive,0.37619140624999997,0.5457669413919414
HD Movie Video Player,Positive,0.18601533086352817,0.574268094334508
HD Video Player,Positive,0.1979934210526316,0.435921052631579
HD Widgets,Positive,0.18181783519859554,0.5138021885521885
HDFC Bank MobileBanking,Positive,0.11144867037724179,0.5096762265512265
HESI A2 Pocket Prep,Positive,0.37914682539682537,0.4689616402116402
HISTORY: Watch TV Show Full Episodes & Specials,Positive,0.2112787731438599,0.5211220068298389
HTC Calendar,Negative,-0.03762626262626264,0.694949494949495
HTC File Manager,Neutral,0.08894901394901396,0.26105098605098603
HTC Gallery,Positive,0.031543995439084725,0.4448680287966002
HTC Help,Positive,0.10687021254208755,0.3478900462962963
HTC Lock Screen,Negative,0.031488187738187755,0.44924597778764447
HTC Mail,Positive,0.07874792828699077,0.4266290501826216
HTC Sense Input,Positive,0.024668154761904756,0.4201793154761905
HTC Sense Input-AR,Positive,0.2875963541666667,0.42227380952380955
HTC Service Ôºç DLNA,Positive,0.018377776127776118,0.44935433785433787
HTC Service‚ÄîVideo Player,Positive,0.031498868996671724,0.47739678377178374
HTC Social Plugin - Facebook,Negative,-0.05170496455042354,0.49405168905168906
HTC Speak,Positive,0.0041057206682206535,0.3343441435108102
HTC Weather,Positive,0.06762483062014055,0.4530939659755449
Hacker's Keyboard,Positive,0.26137154546438207,0.5788869654427428
Hairstyles step by step,Positive,0.47091306584362136,0.5911601019008427
Hamilton ‚Äî The Official App,Positive,0.16104723181360084,0.43614353211823453
Hangouts,Positive,0.2515033286340852,0.5312487273123238
Happify,Positive,0.21889678030303028,0.34500000000000003
Happy Birthday Songs Offline,Positive,0.36470588235294116,0.634313725490196
Happy Fruits Bomb - Cube Blast,Positive,0.023922799422799405,0.45399134199134195
Happy Street,Positive,0.053588817866161605,0.5082602813852813
Harkins Theatres,Positive,0.08864442831572625,0.490007597621234
Harry Potter: Hogwarts Mystery,Positive,0.057560539508836786,0.4856774694112312
HauteLook,Positive,0.1720851370851371,0.4925493025493025
Hay Day,Positive,0.019572348739842257,0.5036815863370004
Haystack TV: Local & World News - Free,Positive,0.5295,0.551611111111111
Headspace: Meditation & Mindfulness,Positive,0.2270075757575757,0.42147727272727276
Health and Nutrition Guide,Positive,0.39151077097505665,0.5183584892290249
HealtheLife,Neutral,0.06321230158730158,0.36319146825396825
Healthy Recipes Free,Positive,0.4033939116439117,0.5317927072927073
Helix Jump,Positive,0.09966548025873484,0.4872210639607329
Hello Kitty Lunchbox,Positive,-0.05271838659706308,0.5605043532564542
Hello Kitty Nail Salon,Positive,0.057448088948088935,0.517986901986902
Hello Stars,Positive,0.16833037194977493,0.4964208718313196
"HelloTalk ‚Äî Chat, Speak & Learn Foreign Languages",Positive,0.20232638888888888,0.6530555555555556
Hero Hunters,Positive,-0.021667189003126506,0.5063131914381914
"Herpes Dating: 1,000K+ Singles",Positive,0.17410830442498967,0.4679461145253556
Herpes Positive Singles Dating,Positive,0.3066502396413111,0.5264661281179138
"Hide App, Private Dating, Safe Chat - PrivacyHider",Negative,-0.06963979416809606,0.46029688922770684
"Hide Something - Photo, Video",Positive,0.2407102347883598,0.5127991622574956
Hideman VPN,Positive,0.12164696116309019,0.40125649738552965
High Blood Pressure Symptoms,Positive,0.4195335960960961,0.5663588588588588
High-Powered Flashlight,Positive,0.3389572975023343,0.5057320261437909
"High-Speed Camera (GIF,Burst)",Positive,0.34845679012345676,0.3967372134038801
Hill Climb Racing,Positive,0.09099915000988382,0.49867449971988176
Hill Climb Racing 2,Positive,0.16214076741018374,0.47632809515851793
"Hily: Dating, Chat, Match, Meet & Hook up",Positive,0.033778594771241816,0.5553312065566968
Hinge: Dating & Relationships,Positive,0.15679880237851251,0.4962808119148699
HipChat - Chat Built for Teams,Negative,-0.037827876788915756,0.3694698121443251
Hipmunk Hotels & Flights,Positive,0.5463015873015873,0.6215854119425549
Hitwe - meet people and chat,Negative,-0.13945601851851852,0.694104938271605
"Hole19: Golf GPS App, Rangefinder & Scorecard",Positive,0.4436382623224729,0.6068640350877192
Home Decor Showpiece Art making: Medium Difficulty,Positive,0.19186666666666669,0.6261428571428571
Home Scouting¬Æ MLS Mobile,Positive,0.09093580898268398,0.36908837256493504
Home Security Camera WardenCam - reuse old phones,Positive,0.20145736208236206,0.48728809385059385
Home Street ‚Äì Home Design Game,Positive,0.11634259976695799,0.535353523254065
Home Workout - No Equipment,Positive,0.3383518564768565,0.5552208555333555
Home Workout for Men - Bodybuilding,Positive,0.5234495192307692,0.47010378510378514
"Home workouts - fat burning, abs, legs, arms,chest",Positive,0.4482204861111111,0.5969551282051282
HomeWork,Positive,1.0,0.3
"Homes.com üè† For Sale, Rent",Positive,0.23836580086580086,0.4356902356902357
Homescapes,Positive,0.038252643863011755,0.5245812840784173
Homesnap Real Estate & Rentals,Positive,0.27684800170068025,0.47902116402116407
Homestyler Interior Design & Decorating Ideas,Positive,0.1756305397541127,0.46706982799765306
Homework Planner,Positive,0.2775236133048633,0.5334585326549611
Honkai Impact 3rd,Positive,0.10148298021520948,0.5235471409602994
Hopper - Watch & Book Flights,Positive,0.1780442098098064,0.47613748369461667
Horoscopes ‚Äì Daily Zodiac Horoscope and Astrology,Positive,0.2643148577612863,0.40594568130282416
Horses Live Wallpaper,Positive,0.3454586448904631,0.5115710678210679
Hostelworld: Hostels & Cheap Hotels Travel App,Positive,0.2534184783470498,0.5762854447140161
Hot Wheels: Race Off,Positive,-0.008838897907647945,0.49031547919672913
HotelTonight: Book amazing deals at great hotels,Positive,0.32890805836770404,0.5544839759613381
Hotels Combined - Cheap deals,Positive,0.16078538359788358,0.35309964726631393
Hotels.com: Book Hotel Rooms & Find Vacation Deals,Positive,0.10162220664781063,0.5454440715680212
Hotspot Shield Free VPN Proxy & Wi-Fi Security,Positive,0.25176470588235295,0.3932843137254902
Hotstar,Negative,0.03817782617308288,0.4939640988971346
Hotwire Hotel & Car Rental App,Positive,0.18702944624819623,0.45971741221741225
Housing-Real Estate & Property,Negative,-0.021426982409125262,0.37853153129938844
